Year,State,District,Representative,Party
2014,Alabama,1,Bradley Byrne,Republican
2014,Alabama,2,Martha Roby,Republican
2014,Alabama,3,Mike D. Rogers,Republican
2014,Alabama,4,Robert Aderholt,Republican
2014,Alabama,5,Mo Brooks,Republican
2014,Alabama,6,Gary Palmer,Republican
2014,Alabama,7,Terri Sewell,Democratic
2014,Alaska,1,Don Young,Republican
2014,Arizona,1,Ann Kirkpatrick,Democratic
2014,Arizona,2,Martha McSally,Republican
2014,Arizona,3,Raúl Grijalva,Democratic
2014,Arizona,4,Paul Gosar,Republican
2014,Arizona,5,Matt Salmon,Republican
2014,Arizona,6,David Schweikert,Republican
2014,Arizona,7,Ruben Gallego,Democratic
2014,Arizona,8,Trent Franks,Republican
2014,Arizona,9,Kyrsten Sinema,Democratic
2014,Arkansas,1,Rick Crawford,Republican
2014,Arkansas,2,French Hill,Republican
2014,Arkansas,3,Steve Womack,Republican
2014,Arkansas,4,Bruce Westerman,Republican
2014,California,1,Doug LaMalfa,Republican
2014,California,2,Jared Huffman,Democratic
2014,California,3,John Garamendi,Democratic
2014,California,4,Tom McClintock,Republican
2014,California,5,Mike Thompson,Democratic
2014,California,6,Doris Matsui,Democratic
2014,California,7,Ami Bera,Democratic
2014,California,8,Paul Cook,Republican
2014,California,9,Jerry McNerney,Democratic
2014,California,10,Jeff Denham,Republican
2014,California,11,Mark DeSaulnier,Democratic
2014,California,12,Nancy Pelosi,Democratic
2014,California,13,Barbara Lee,Democratic
2014,California,14,Jackie Speier,Democratic
2014,California,15,Eric Swalwell,Democratic
2014,California,16,Jim Costa,Democratic
2014,California,17,Mike Honda,Democratic
2014,California,18,Anna Eshoo,Democratic
2014,California,19,Zoe Lofgren,Democratic
2014,California,20,Sam Farr,Democratic
2014,California,21,David Valadao,Republican
2014,California,22,Devid Nunes,Republican
2014,California,23,Kevin McCarthy,Republican
2014,California,24,Lois Capps,Democratic
2014,California,25,Steve Knight,Republican
2014,California,26,Julia Brownley,Democratic
2014,California,27,Judy Chu,Democratic
2014,California,28,Adam Schiff,Democratic
2014,California,29,Tony Cárdenas,Democratic
2014,California,30,Brad Sherman,Democratic
2014,California,31,Pete Aguilar,Democratic
2014,California,32,Grace Napolitano,Democratic
2014,California,33,Ted Lieu,Democratic
2014,California,34,Xavier Becerra,Democratic
2014,California,35,Norma Torres,Democratic
2014,California,36,Raul Ruiz,Democratic
2014,California,37,Karen Bass,Democratic
2014,California,38,Linda Sánchez,Democratic
2014,California,39,Ed Royce,Republican
2014,California,40,Lucille Roybal-Allard,Democratic
2014,California,41,Mark Takano,Democratic
2014,California,42,Ken Calvert,Republican
2014,California,43,Maxine Waters,Democratic
2014,California,44,Janice Hahn,Democratic
2014,California,45,Mimi Walters,Republican
2014,California,46,Loretta Sanchez,Democratic
2014,California,47,Alan Lowenthal,Democratic
2014,California,48,Dana Rohrabacher,Republican
2014,California,49,Darrell Issa,Republican
2014,California,50,Duncan D. Hunter,Republican
2014,California,51,Juan Vargas,Democratic
2014,California,52,Scott Peters,Democratic
2014,California,53,Susan Davis,Democratic
2014,Colorado,1,Diana DeGette,Democratic
2014,Colorado,2,Jared Polis,Democratic
2014,Colorado,3,Scott Tipton,Republican
2014,Colorado,4,Ken Buck,Republican
2014,Colorado,5,Doug Lamborn,Republican
2014,Colorado,6,Mike Coffman,Republican
2014,Colorado,7,Ed Perlmutter,Democratic
2014,Connecticut,1,John Larson,Democratic
2014,Connecticut,2,Joe Courtney,Democratic
2014,Connecticut,3,Rosa DeLauro,Democratic
2014,Connecticut,4,Jim Himes,Democratic
2014,Connecticut,5,Elizabeth Esty,Democratic
2014,Delaware,1,John Carney,Democratic
2014,Florida,1,Jeff Miller,Republican
2014,Florida,2,Gwen Graham,Democratic
2014,Florida,3,Ted Yoho,Republican
2014,Florida,4,Ander Crenshaw,Republican
2014,Florida,5,Corrine Brown,Democratic
2014,Florida,6,Ron DeSantis,Republican
2014,Florida,7,John Mica,Republican
2014,Florida,8,Bill Posey,Republican
2014,Florida,9,Alan Grayson,Democratic
2014,Florida,10,Daniel Webster,Republican
2014,Florida,11,Rich Nugent,Republican
2014,Florida,12,Gus Bilirakis,Republican
2014,Florida,13,David Jolly,Republican
2014,Florida,14,Kathy Castor,Democratic
2014,Florida,15,Dennis A. Ross,Republican
2014,Florida,16,Vern Buchanan,Republican
2014,Florida,17,Tom Rooney,Republican
2014,Florida,18,Patrick Murphy,Democratic
2014,Florida,19,Curt Clawson,Republican
2014,Florida,20,Alcee Hastings,Democratic
2014,Florida,21,Ted Deutch,Democratic
2014,Florida,22,Lois Frankel,Democratic
2014,Florida,23,Debbie Wasserman Schultz,Democratic
2014,Florida,24,Frederica Wilson,Democratic
2014,Florida,25,Mario Díaz-Balart,Republican
2014,Florida,26,Carlos Curbelo,Republican
2014,Florida,27,Ileana Ros-Lehtinen,Republican
2014,Georgia,1,Buddy Carter,Republican
2014,Georgia,2,Sanford Bishop,Democratic
2014,Georgia,3,Lynn Westmoreland,Republican
2014,Georgia,4,Hank Johnson,Democratic
2014,Georgia,5,John Lewis,Democratic
2014,Georgia,6,Tom Price,Republican
2014,Georgia,7,Rob Woodall,Republican
2014,Georgia,8,Austin Scott,Republican
2014,Georgia,9,Doug Collins,Republican
2014,Georgia,10,Jody Hice,Republican
2014,Georgia,11,Barry Loudermilk,Republican
2014,Georgia,12,Rick W. Allen,Republican
2014,Georgia,13,David Scott,Democratic
2014,Georgia,14,Tom Graves,Republican
2014,Hawaii,1,Mark Takai,Democratic
2014,Hawaii,2,Tulsi Gabbard,Democratic
2014,Idaho,1,Raul Labrador,Republican
2014,Idaho,2,Mike K. Simpson,Republican
2014,Illinois,1,Bobby Rush,Democratic
2014,Illinois,2,Robin Kelly,Democratic
2014,Illinois,3,Dan Lipinski,Democratic
2014,Illinois,4,Luis V. Gutiérrez,Democratic
2014,Illinois,5,Mike Quigley,Democratic
2014,Illinois,6,Peter Roskam,Republican
2014,Illinois,7,Danny K. Davis,Democratic
2014,Illinois,8,Tammy Duckworth,Democratic
2014,Illinois,9,Janice D. Schakowsky,Democratic
2014,Illinois,10,Bob Dold,Republican
2014,Illinois,11,Bill Foster,Democratic
2014,Illinois,12,Mike Bost,Republican
2014,Illinois,13,Rodney L. Davis,Republican
2014,Illinois,14,Randy Hultgren,Republican
2014,Illinois,15,John Shimkus,Republican
2014,Illinois,16,Adam Kinzinger,Republican
2014,Illinois,17,Cheri Bustos,Democratic
2014,Illinois,18,Aaron Schock,Republican
2014,Indiana,1,Pete Visclosky,Democratic
2014,Indiana,2,Jackie Walorski,Republican
2014,Indiana,3,Marlin Stutzman,Republican
2014,Indiana,4,Todd Rokita,Republican
2014,Indiana,5,Susan Brooks,Republican
2014,Indiana,6,Luke Messer,Republican
2014,Indiana,7,André Carson,Democratic
2014,Indiana,8,Larry Bucshon,Republican
2014,Indiana,9,Todd Young,Republican
2014,Iowa,1,Rod Blum,Republican
2014,Iowa,2,Dave Loebsack,Democratic
2014,Iowa,3,David Young,Republican
2014,Iowa,4,Steve King,Republican
2014,Kansas,1,Tim Huelskamp,Republican
2014,Kansas,2,Lynn Jenkins,Republican
2014,Kansas,3,Kevin Yoder,Republican
2014,Kansas,4,Mike Pompeo,Republican
2014,Kentucky,1,Ed Whitfield,Republican
2014,Kentucky,2,Brett Guthrie,Republican
2014,Kentucky,3,John Yarmuth,Democratic
2014,Kentucky,4,Thomas Massie,Republican
2014,Kentucky,5,Hal Rogers,Republican
2014,Kentucky,6,Andy Barr,Republican
2014,Louisiana,1,Steve Scalise,Republican
2014,Louisiana,2,Cedric Richmond,Democratic
2014,Louisiana,3,Charles Boustany,Republican
2014,Louisiana,4,John Fleming,Republican
2014,Louisiana,5,Ralph Abraham,Republican
2014,Louisiana,6,Garret Graves,Republican
2014,Maine,1,Chellie Pingree,Democratic
2014,Maine,2,Bruce Poliquin,Republican
2014,Maryland,1,Andy P. Harris,Republican
2014,Maryland,2,Dutch Ruppersberger,Democratic
2014,Maryland,3,John Sarbanes,Democratic
2014,Maryland,4,Donna Edwards,Democratic
2014,Maryland,5,Steny Hoyer,Democratic
2014,Maryland,6,John K. Delaney,Democratic
2014,Maryland,7,Elijah Cummings,Democratic
2014,Maryland,8,Chris Van Hollen,Democratic
2014,Massachusetts,1,Richard Neal,Democratic
2014,Massachusetts,2,Jim McGovern,Democratic
2014,Massachusetts,3,Niki Tsongas,Democratic
2014,Massachusetts,4,Joseph Kennedy III,Democratic
2014,Massachusetts,5,Katherine Clark,Democratic
2014,Massachusetts,6,Seth Moulton,Democratic
2014,Massachusetts,7,Mike Capuano,Democratic
2014,Massachusetts,8,Stephen Lynch,Democratic
2014,Massachusetts,9,William R. Keating,Democratic
2014,Michigan,1,Dan Benishek,Republican
2014,Michigan,2,Bill Huizenga,Republican
2014,Michigan,3,Justin Amash,Republican
2014,Michigan,4,John Moolenaar,Republican
2014,Michigan,5,Dan Kildee,Democratic
2014,Michigan,6,Fred Upton,Republican
2014,Michigan,7,Tim Walberg,Republican
2014,Michigan,8,Mike Bishop,Republican
2014,Michigan,9,Sander Levin,Democratic
2014,Michigan,10,Candice S. Miller,Republican
2014,Michigan,11,Dave Trott,Republican
2014,Michigan,12,Debbie Dingell,Democratic
2014,Michigan,13,John Conyers,Democratic
2014,Michigan,14,Brenda Lawrence,Democratic
2014,Minnesota,1,Tim Walz,Democratic
2014,Minnesota,2,John Kline,Republican
2014,Minnesota,3,Eric Paulson,Republican
2014,Minnesota,4,Betty McCollum,Democratic
2014,Minnesota,5,Keith Ellisonn,Democratic
2014,Minnesota,6,Tom Emmer,Republican
2014,Minnesota,7,Collin Peterson,Democratic
2014,Minnesota,8,Rick Nolan,Democratic
2014,Mississippi,1,Alan Nunnelee,Republican
2014,Mississippi,2,Bennie Thompson,Democratic
2014,Mississippi,3,Gregg Harper,Republican
2014,Mississippi,4,Steven Palazzo,Republican
2014,Missouri,1,Lacy Clay,Democratic
2014,Missouri,2,Ann Wagner,Republican
2014,Missouri,3,Blaine Luetkemeyer,Republican
2014,Missouri,4,Vicky Hartzler,Republican
2014,Missouri,5,Emanuel Cleaver,Democratic
2014,Missouri,6,Sam Graves,Republican
2014,Missouri,7,Billy Long,Republican
2014,Missouri,8,Jason T. Smith,Republican
2014,Montana,1,Ryan Zinke,Republican
2014,Nebraska,1,Jeff Fortenberry,Republican
2014,Nebraska,2,Brad Ashford,Democratic
2014,Nebraska,3,Adrian M. Smith,Republican
2014,Nevada,1,Dina Titus,Democratic
2014,Nevada,2,Mark Amodei,Republican
2014,Nevada,3,Joe Heck,Republican
2014,Nevada,4,Cresent Hardy,Republican
2014,New Hampshire,1,Frank Guinta,Republican
2014,New Hampshire,2,Ann McLane Kuster,Democratic
2014,New Jersey,1,Donald Norcross,Democratic
2014,New Jersey,2,Frank LoBiondo,Republican
2014,New Jersey,3,Tom MacArthur,Republican
2014,New Jersey,4,Chris Smith,Republican
2014,New Jersey,5,Scott Garrett,Republican
2014,New Jersey,6,Frank Pallone,Democratic
2014,New Jersey,7,Leonard Lance,Republican
2014,New Jersey,8,Albio Sires,Democratic
2014,New Jersey,9,Bill Pascrell,Democratic
2014,New Jersey,10,Donald Payne Jr.,Democratic
2014,New Jersey,11,Rodney P. Frelinghuysen,Republican
2014,New Jersey,12,Bonnie Watson Coleman,Democratic
2014,New Mexico,1,Michelle Luján Grisham,Democratic
2014,New Mexico,2,Steve Pearce,Republican
2014,New Mexico,3,Ben Ray Luján,Democratic
2014,New York,1,Lee Zeldin,Republican
2014,New York,2,Peter T. King,Republican
2014,New York,3,Steve Israel,Democratic
2014,New York,4,Kathleen Rice,Democratic
2014,New York,5,Gregory W. Meeks,Democratic
2014,New York,6,Grace Meng,Democratic
2014,New York,7,Nydia Velázquez,Democratic
2014,New York,8,Hakeem Jeffries,Democratic
2014,New York,9,Yvette Clarke,Democratic
2014,New York,10,Jerrold Nadler,Democratic
2014,New York,11,Michael Grimm,Republican
2014,New York,12,Carolyn B. Maloney,Democratic
2014,New York,13,Charles B. Rangel,Democratic
2014,New York,14,Joseph Crowley,Democratic
2014,New York,15,José E. Serrano,Democratic
2014,New York,16,Eliot Engel,Democratic
2014,New York,17,Nita M. Lowey,Democratic
2014,New York,18,Sean Patrick Maloney,Democratic
2014,New York,19,Chris Gibson,Republican
2014,New York,20,Paul Tonko,Democratic
2014,New York,21,Elise Stefanik,Republican
2014,New York,22,Richard L. Hanna,Republican
2014,New York,23,Tom Reed,Republican
2014,New York,24,John Katko,Republican
2014,New York,25,Louise Slaughter,Democratic
2014,New York,26,Brian Higgins,Democratic
2014,New York,27,Chris Collins,Republican
2014,North Carolina,1,G. K. Butterfield,Democratic
2014,North Carolina,2,Renee Ellmers,Republican
2014,North Carolina,3,Walter B. Jones Jr.,Republican
2014,North Carolina,4,David E. Price,Democratic
2014,North Carolina,5,Virginia Foxx,Republican
2014,North Carolina,6,Mark Walker,Republican
2014,North Carolina,7,David Rouzer,Republican
2014,North Carolina,8,Richard Hudson,Republican
2014,North Carolina,9,Robert Pittenger,Republican
2014,North Carolina,10,Patrick T. McHenry,Republican
2014,North Carolina,11,Mark Meadows,Republican
2014,North Carolina,12,Alma Adams,Democratic
2014,North Carolina,13,George Holding,Republican
2014,North Dakota,1,Kevin Cramer,Republican
2014,Ohio,1,Steve Chabot,Republican
2014,Ohio,2,Brad Wenstrup,Republican
2014,Ohio,3,Joyce Beatty,Democratic
2014,Ohio,4,Jim Jordan,Republican
2014,Ohio,5,Bob Latta,Republican
2014,Ohio,6,Bill Johnson,Republican
2014,Ohio,7,Bob Gibbs,Republican
2014,Ohio,8,John A. Boehner,Republican
2014,Ohio,9,Marcy Kaptur,Democratic
2014,Ohio,10,Mike Turner,Republican
2014,Ohio,11,Marcia Fudge,Democratic
2014,Ohio,12,Pat Tiberi,Republican
2014,Ohio,13,Tim Ryan,Democratic
2014,Ohio,14,David Joyce,Republican
2014,Ohio,15,Steve Stivers,Republican
2014,Ohio,16,Jim Renacci,Republican
2014,Oklahoma,1,Jim Bridenstine,Republican
2014,Oklahoma,2,Markwayne Mullin,Republican
2014,Oklahoma,3,Frank Lucas,Republican
2014,Oklahoma,4,Tom Cole,Republican
2014,Oklahoma,5,Steve Russell,Republican
2014,Oregon,1,Suzanne Bonamici,Democratic
2014,Oregon,2,Greg Walden,Republican
2014,Oregon,3,Earl Blumenauer,Democratic
2014,Oregon,4,Peter DeFazio,Democratic
2014,Oregon,5,Kurt Schrader,Democratic
2014,Pennsylvania,1,Bob Brady,Democratic
2014,Pennsylvania,2,Chaka Fattah,Democratic
2014,Pennsylvania,3,Mike Kelly,Republican
2014,Pennsylvania,4,Scott Perry,Republican
2014,Pennsylvania,5,Glenn Thompson,Republican
2014,Pennsylvania,6,Ryan Costello,Republican
2014,Pennsylvania,7,Pat Meehan,Republican
2014,Pennsylvania,8,Mike Fitzpatrick,Republican
2014,Pennsylvania,9,Bill Shuster,Republican
2014,Pennsylvania,10,Tom Marino,Republican
2014,Pennsylvania,11,Lou Barletta,Republican
2014,Pennsylvania,12,Keith Rothfus,Republican
2014,Pennsylvania,13,Brendan Boyle,Democratic
2014,Pennsylvania,14,Michael F. Doyle,Democratic
2014,Pennsylvania,15,Clarlie Dent,Republican
2014,Pennsylvania,16,Joseph R. Pitts,Republican
2014,Pennsylvania,17,Matt Cartwright,Democratic
2014,Pennsylvania,18,Timothy F. Murphy,Republican
2014,Rhode Island,1,David Cicilline,Democratic
2014,Rhode Island,2,James Langevin,Democratic
2014,South Carolina,1,Mark Sanford,Republican
2014,South Carolina,2,Joe Wilson,Republican
2014,South Carolina,3,Jeff Duncan,Republican
2014,South Carolina,4,Trey Gowdy,Republican
2014,South Carolina,5,Mick Mulvaney,Republican
2014,South Carolina,6,Jim Clyburn,Democratic
2014,South Carolina,7,Tom Rice,Republican
2014,South Dakota,1,Kristi Noem,Republican
2014,Tennessee,1,Phil Roe,Republican
2014,Tennessee,2,Jimmy Duncan,Republican
2014,Tennessee,3,Chuck Fleischmann,Republican
2014,Tennessee,4,Scott DesJarlais,Republican
2014,Tennessee,5,Jim Cooper,Democratic
2014,Tennessee,6,Diane Black,Republican
2014,Tennessee,7,Marsha Blackburn,Republican
2014,Tennessee,8,Stephen Fincher,Republican
2014,Tennessee,9,Steve Cohen,Democratic
2014,Texas,1,Louie Gohmert,Republican
2014,Texas,2,Ted Poe,Republican
2014,Texas,3,Sam Johnson,Republican
2014,Texas,4,John Ratcliffe,Republican
2014,Texas,5,Jeb Hensarling,Republican
2014,Texas,6,Joe Barton,Republican
2014,Texas,7,John Culberson,Republican
2014,Texas,8,Kevin Brady,Republican
2014,Texas,9,Al Green,Democratic
2014,Texas,10,Michael McCaul,Republican
2014,Texas,11,Mike Conaway,Republican
2014,Texas,12,Kay Granger,Republican
2014,Texas,13,Mac Thornberry,Republican
2014,Texas,14,Randy Weber,Republican
2014,Texas,15,Ruben Hinojosa,Democratic
2014,Texas,16,Beto O'Rourke,Democratic
2014,Texas,17,Bill Flores,Republican
2014,Texas,18,Sheila Jackson Lee,Democratic
2014,Texas,19,Randy Neugebauer,Republican
2014,Texas,20,Joaquín Castro,Democratic
2014,Texas,21,Lamar S. Smith,Republican
2014,Texas,22,Pete Olson,Republican
2014,Texas,23,Will Hurd,Republican
2014,Texas,24,Kenny Marchant,Republican
2014,Texas,25,Roger Williams,Republican
2014,Texas,26,Michael C. Burgess,Republican
2014,Texas,27,Blake Farenthold,Republican
2014,Texas,28,Henry Cuellar,Democratic
2014,Texas,29,Gene Green,Democratic
2014,Texas,30,Eddie Bernice Johnson,Democratic
2014,Texas,31,John Carter,Republican
2014,Texas,32,Pete Sessions,Republican
2014,Texas,33,Marc Veasey,Democratic
2014,Texas,34,Filemon Vela Jr.,Democratic
2014,Texas,35,Lloyd Doggett,Democratic
2014,Texas,36,Brian Babin,Republican
2014,Utah,1,Rob Bishop,Republican
2014,Utah,2,Chris Stewart,Republican
2014,Utah,3,Jason Chaffetz,Republican
2014,Utah,4,Mia Love,Republican
2014,Vermont,1,Peter Welch,Democratic
2014,Virginia,1,Rob Wittman,Republican
2014,Virginia,2,Scott Taylor,Republican
2014,Virginia,3,Bobby Scott,Democratic
2014,Virginia,4,Randy Forbes,Republican
2014,Virginia,5,Robert Hurt,Republican
2014,Virginia,6,Bob Goodlatte,Republican
2014,Virginia,7,Dave Brat,Republican
2014,Virginia,8,Don Beyer,Democratic
2014,Virginia,9,Morgan Griffith,Republican
2014,Virginia,10,Barbara Comstock,Republican
2014,Virginia,11,Gerry Connolly,Democratic
2014,Washington,1,Susan DelBene,Democratic
2014,Washington,2,Rick Larsen,Democratic
2014,Washington,3,Jaime Herrera Beutler,Republican
2014,Washington,4,Dan Newhouse,Republican
2014,Washington,5,Cathy McMorris Rodgers,Republican
2014,Washington,6,Derek Kilmer,Democratic
2014,Washington,7,Jim McDermott,Democratic
2014,Washington,8,Dave Reichert,Republican
2014,Washington,9,Adam Smith,Democratic
2014,Washington,10,Denny Heck,Democratic
2014,West Virginia,1,David McKinley,Republican
2014,West Virginia,2,Alex X. Mooney,Republican
2014,West Virginia,3,Evan Jenkins,Republican
2014,Wisconsin,1,Paul Ryan,Republican
2014,Wisconsin,2,Mark Pocan,Democratic
2014,Wisconsin,3,Ron Kind,Democratic
2014,Wisconsin,4,Gwen Moore,Democratic
2014,Wisconsin,5,Jim Sensenbrenner,Republican
2014,Wisconsin,6,Glenn Grothman,Republican
2014,Wisconsin,7,Sean Duffy,Republican
2014,Wisconsin,8,Reid Ribble,Republican
2014,Wyoming,1,Cynthia Lummis,Republican
2016,Alabama,1,Bradley Byrne,Republican
2016,Alabama,2,Martha Roby,Republican
2016,Alabama,3,Mike Rogers,Republican
2016,Alabama,4,Robert Aderholt,Republican
2016,Alabama,5,Mo Brooks,Republican
2016,Alabama,6,Gary Palmer,Republican
2016,Alabama,7,Terri Sewell,Democratic
2016,Alaska,1,Don Young,Republican
2016,Arizona,1,Tom O'Halleran,Democratic
2016,Arizona,2,Martha McSally,Republican
2016,Arizona,3,Raúl Grijalva,Democratic
2016,Arizona,4,Paul Gosar,Republican
2016,Arizona,5,Andy Biggs,Republican
2016,Arizona,6,David Schweikert,Republican
2016,Arizona,7,Ruben Gallego,Democratic
2016,Arizona,8,Trent Franks,Republican
2016,Arizona,9,Kyrsten Sinema,Democratic
2016,Arkansas,1,Rick Crawford,Republican
2016,Arkansas,2,French Hill,Republican
2016,Arkansas,3,Steve Womack,Republican
2016,Arkansas,4,Bruce Westerman,Republican
2016,California,1,Doug LaMalfa,Republican
2016,California,2,Jared Huffman,Democratic
2016,California,3,John Garamendi,Democratic
2016,California,4,Tom McClintock,Republican
2016,California,5,Mike Thompson,Democratic
2016,California,6,Doris Matsui,Democratic
2016,California,7,Ami Bera,Democratic
2016,California,8,Paul Cook,Republican
2016,California,9,Jerry McNerney,Democratic
2016,California,10,Jeff Denham,Republican
2016,California,11,Mark DeSaulnier,Democratic
2016,California,12,Nancy Pelosi,Democratic
2016,California,13,Barbara Lee,Democratic
2016,California,14,Jackie Speier,Democratic
2016,California,15,Eric Swalwell,Democratic
2016,California,16,Jim Costa,Democratic
2016,California,17,Ro Khanna,Democratic
2016,California,18,Anna Eshoo,Democratic
2016,California,19,Zoe Lofgren,Democratic
2016,California,20,Jimmy Panetta,Democratic
2016,California,21,David Valadao,Republican
2016,California,22,Devid Nunes,Republican
2016,California,23,Kevin McCarthy,Republican
2016,California,24,Salud Carbajal,Democratic
2016,California,25,Steve Knight,Republican
2016,California,26,Julia Brownley,Democratic
2016,California,27,Judy Chu,Democratic
2016,California,28,Adam Schiff,Democratic
2016,California,29,Tony Cárdenas,Democratic
2016,California,30,Brad Sherman,Democratic
2016,California,31,Pete Aguilar,Democratic
2016,California,32,Grace Napolitano,Democratic
2016,California,33,Ted Lieu,Democratic
2016,California,34,Xavier Becerra,Democratic
2016,California,35,Norma J. Torres,Democratic
2016,California,36,Raul Ruiz,Democratic
2016,California,37,Karen Bass,Democratic
2016,California,38,Linda T. Sánchez,Democratic
2016,California,39,Ed Royce,Republican
2016,California,40,Lucille Roybal-Allard,Democratic
2016,California,41,Mark Takano,Democratic
2016,California,42,Ken Calvert,Republican
2016,California,43,Maxine Waters,Democratic
2016,California,44,Nanette Barragán,Democratic
2016,California,45,Mimi Walters,Republican
2016,California,46,Lou Correa,Democratic
2016,California,47,Alan Lowenthal,Democratic
2016,California,48,Dana Rohrabacher,Republican
2016,California,49,Darrell Issa,Republican
2016,California,50,Duncan D. Hunter,Republican
2016,California,51,Juan Vargas,Democratic
2016,California,52,Scott Peters,Democratic
2016,California,53,Susan Davis,Democratic
2016,Colorado,1,Diana DeGette,Democratic
2016,Colorado,2,Jared Polis,Democratic
2016,Colorado,3,Scott Tipton,Republican
2016,Colorado,4,Ken Buck,Republican
2016,Colorado,5,Doug Lamborn,Republican
2016,Colorado,6,Mike Coffman,Republican
2016,Colorado,7,Ed Perlmutter,Democratic
2016,Connecticut,1,John B. Larson,Democratic
2016,Connecticut,2,Joe Courtney,Democratic
2016,Connecticut,3,Rosa DeLauro,Democratic
2016,Connecticut,4,Jim Himes,Democratic
2016,Connecticut,5,Elizabeth Esty,Democratic
2016,Delaware,1,Lisa Blunt Rochester,Democratic
2016,Florida,1,Matt Gaetz,Republican
2016,Florida,2,Neal Dunn,Republican
2016,Florida,3,Ted Yoho,Republican
2016,Florida,4,John Rutherford,Republican
2016,Florida,5,Al Lawson,Democratic
2016,Florida,6,Ron DeSantis,Republican
2016,Florida,7,Stephanie Murphy,Democratic
2016,Florida,8,Bill Posey,Republican
2016,Florida,9,Darren Soto,Democratic
2016,Florida,10,Val Demings,Democratic
2016,Florida,11,Daniel Webster,Republican
2016,Florida,12,Gus Bilirakis,Republican
2016,Florida,13,Charlie Crist,Democratic
2016,Florida,14,Kathy Castor,Democratic
2016,Florida,15,Dennis A. Ross,Republican
2016,Florida,16,Vern Buchanan,Republican
2016,Florida,17,Tom Rooney,Republican
2016,Florida,18,Brian Mast,Republican
2016,Florida,19,Francis Rooney,Republican
2016,Florida,20,Alcee Hastings,Democratic
2016,Florida,21,Lois Frankel,Democratic
2016,Florida,22,Ted Deutch,Democratic
2016,Florida,23,Debbie Wasserman Schultz,Democratic
2016,Florida,24,Frederica Wilson,Democratic
2016,Florida,25,Mario Díaz-Balart,Republican
2016,Florida,26,Carlos Curbelo,Republican
2016,Florida,27,Ileana Ros-Lehtinen,Republican
2016,Georgia,1,Buddy Carter,Republican
2016,Georgia,2,Sanford Bishop,Democratic
2016,Georgia,3,Drew Ferguson,Republican
2016,Georgia,4,Hank Johnson,Democratic
2016,Georgia,5,John Lewis,Democratic
2016,Georgia,6,Tom Price,Republican
2016,Georgia,7,Rob Woodall,Republican
2016,Georgia,8,Austin Scott,Republican
2016,Georgia,9,Doug Collins,Republican
2016,Georgia,10,Jody Hice,Republican
2016,Georgia,11,Barry Loudermilk,Republican
2016,Georgia,12,Rick W. Allen,Republican
2016,Georgia,13,David Scott,Democratic
2016,Georgia,14,Tom Graves,Republican
2016,Hawaii,1,Colleen Hanabusa,Democratic
2016,Hawaii,2,Tulsi Gabbard,Democratic
2016,Idaho,1,Raúl Labrador,Republican
2016,Idaho,2,Mike Simpson,Republican
2016,Illinois,1,Bobby Rush,Democratic
2016,Illinois,2,Robin Kelly,Democratic
2016,Illinois,3,Dan Lipinski,Democratic
2016,Illinois,4,Luis Gutiérrez,Democratic
2016,Illinois,5,Mike Quigley,Democratic
2016,Illinois,6,Peter Roskam,Republican
2016,Illinois,7,Danny K. Davis,Democratic
2016,Illinois,8,Raja Krishnamoorthi,Democratic
2016,Illinois,9,Jan Schakowsky,Democratic
2016,Illinois,10,Brad Schneider,Democratic
2016,Illinois,11,Bill Foster,Democratic
2016,Illinois,12,Mike Bost,Republican
2016,Illinois,13,Rodney Davis,Republican
2016,Illinois,14,Randy Hultgren,Republican
2016,Illinois,15,John Shimkus,Republican
2016,Illinois,16,Adam Kinzinger,Republican
2016,Illinois,17,Cheri Bustos,Democratic
2016,Illinois,18,Darin LaHood,Republican
2016,Indiana,1,Pete Visclosky,Democratic
2016,Indiana,2,Jackie Walorski,Republican
2016,Indiana,3,Jim banks,Republican
2016,Indiana,4,Todd Rokita,Republican
2016,Indiana,5,Susan Brooks,Republican
2016,Indiana,6,Luke Messer,Republican
2016,Indiana,7,André Carson,Democratic
2016,Indiana,8,Larry Bucshon,Republican
2016,Indiana,9,Trey Hollingsworth,Republican
2016,Iowa,1,Rod Blum,Republican
2016,Iowa,2,Dave Loebsack,Democratic
2016,Iowa,3,David Young,Republican
2016,Iowa,4,Steve King,Republican
2016,Kansas,1,Roger Marshall,Republican
2016,Kansas,2,Lynn Jenkins,Republican
2016,Kansas,3,Kevin Yoder,Republican
2016,Kansas,4,Mike Pompeo,Republican
2016,Kentucky,1,James Comer,Republican
2016,Kentucky,2,Brett Guthrie,Republican
2016,Kentucky,3,John Yarmuth,Democratic
2016,Kentucky,4,Thomas Massie,Republican
2016,Kentucky,5,Hal Rogers,Republican
2016,Kentucky,6,Andy Barr,Republican
2016,Louisiana,1,Steve Scalise,Republican
2016,Louisiana,2,Cedric Richmond,Democratic
2016,Louisiana,3,Clay Higgins,Republican
2016,Louisiana,4,Mike Johnson,Republican
2016,Louisiana,5,Ralph Abraham,Republican
2016,Louisiana,6,Garret Graves,Republican
2016,Maine,1,Chellie Pingree,Democratic
2016,Maine,2,Bruce Poliquin,Republican
2016,Maryland,1,Andy Harris,Republican
2016,Maryland,2,Dutch Ruppersberger,Democratic
2016,Maryland,3,John Sarbanes,Democratic
2016,Maryland,4,Anthony Brown,Democratic
2016,Maryland,5,Steny Hoyer,Democratic
2016,Maryland,6,John Delaney,Democratic
2016,Maryland,7,Elijah Cummings,Democratic
2016,Maryland,8,Jamie Raskin,Democratic
2016,Massachusetts,1,Richard Neal,Democratic
2016,Massachusetts,2,Jim McGovern,Democratic
2016,Massachusetts,3,Niki Tsongas,Democratic
2016,Massachusetts,4,Joseph Kennedy III,Democratic
2016,Massachusetts,5,Katherine Clark,Democratic
2016,Massachusetts,6,Seth Moulton,Democratic
2016,Massachusetts,7,Mike Capuano,Democratic
2016,Massachusetts,8,Stephen Lynch,Democratic
2016,Massachusetts,9,William R. Keating,Democratic
2016,Michigan,1,Jack Bergman,Republican
2016,Michigan,2,Bill Huizenga,Republican
2016,Michigan,3,Justin Amash,Republican
2016,Michigan,4,John Moolenaar,Republican
2016,Michigan,5,Dan Kildee,Democratic
2016,Michigan,6,Fred Upton,Republican
2016,Michigan,7,Tim Walberg,Republican
2016,Michigan,8,Mike Bishop,Republican
2016,Michigan,9,Sander Levin,Democratic
2016,Michigan,10,Paul Mitchell,Republican
2016,Michigan,11,Dave Trott,Republican
2016,Michigan,12,Debbie Dingell,Democratic
2016,Michigan,13,John Conyers,Democratic
2016,Michigan,14,Brenda Lawrence,Democratic
2016,Minnesota,1,Tim Walz,Democratic
2016,Minnesota,2,Jason Lewis,Republican
2016,Minnesota,3,Eric Paulson,Republican
2016,Minnesota,4,Betty McCollum,Democratic
2016,Minnesota,5,Keith Ellisonn,Democratic
2016,Minnesota,6,Tom Emmer,Republican
2016,Minnesota,7,Collin Peterson,Democratic
2016,Minnesota,8,Rick Nolan,Democratic
2016,Mississippi,1,Trent Kelly,Republican
2016,Mississippi,2,Bennie Thompson,Democratic
2016,Mississippi,3,Gregg Harper,Republican
2016,Mississippi,4,Steven Palazzo,Republican
2016,Missouri,1,Lacy Clay,Democratic
2016,Missouri,2,Ann Wagner,Republican
2016,Missouri,3,Blaine Luetkemeyer,Republican
2016,Missouri,4,Vicky Hartzler,Republican
2016,Missouri,5,Emanuel Cleaver,Democratic
2016,Missouri,6,Sam Graves,Republican
2016,Missouri,7,Billy Long,Republican
2016,Missouri,8,Jason T. Smith,Republican
2016,Montana,1,Ryan Zinke,Republican
2016,Nebraska,1,Jeff Fortenberry,Republican
2016,Nebraska,2,Don Bacon,Republican
2016,Nebraska,3,Adrian Smith,Republican
2016,Nevada,1,Dina Titus,Democratic
2016,Nevada,2,Mark Amodei,Republican
2016,Nevada,3,Jacky Rosen,Democratic
2016,Nevada,4,Ruben Kihuen,Democratic
2016,New Hampshire,1,Carol Shea-Porter,Democratic
2016,New Hampshire,2,Ann McLane Kuster,Democratic
2016,New Jersey,1,Donald Norcross,Democratic
2016,New Jersey,2,Frank LoBiondo,Republican
2016,New Jersey,3,Tom MacArthur,Republican
2016,New Jersey,4,Chris Smith,Republican
2016,New Jersey,5,Josh Gottheimer,Democratic
2016,New Jersey,6,Frank Pallone,Democratic
2016,New Jersey,7,Leonard Lance,Republican
2016,New Jersey,8,Albio Sires,Democratic
2016,New Jersey,9,Bill Pascrell,Democratic
2016,New Jersey,10,Donald Payne Jr.,Democratic
2016,New Jersey,11,Rodney Frelinghuysen,Republican
2016,New Jersey,12,Bonnie Watson Coleman,Democratic
2016,New Mexico,1,Michelle Luján Grisham,Democratic
2016,New Mexico,2,Steve Pearce,Republican
2016,New Mexico,3,Ben Ray Luján,Democratic
2016,New York,1,Lee Zeldin,Republican
2016,New York,2,Peter T. King,Republican
2016,New York,3,Thomas Suozzi,Democratic
2016,New York,4,Kathleen Rice,Democratic
2016,New York,5,Gregory Meeks,Democratic
2016,New York,6,Grace Meng,Democratic
2016,New York,7,Nydia Velázquez,Democratic
2016,New York,8,Hakeem Jeffries,Democratic
2016,New York,9,Yvette Clarke,Democratic
2016,New York,10,Jerrold Nadler,Democratic
2016,New York,11,Dan Donovan,Republican
2016,New York,12,Carolyn Maloney,Democratic
2016,New York,13,Adriano Espaillat,Democratic
2016,New York,14,Joseph Crowley,Democratic
2016,New York,15,José E. Serrano,Democratic
2016,New York,16,Eliot Engel,Democratic
2016,New York,17,Nita Lowey,Democratic
2016,New York,18,Sean Patrick Maloney,Democratic
2016,New York,19,John Faso,Republican
2016,New York,20,Paul Tonko,Democratic
2016,New York,21,Elise Stefanik,Republican
2016,New York,22,Claudia Tenney,Republican
2016,New York,23,Tom Reed,Republican
2016,New York,24,John Katko,Republican
2016,New York,25,Louise Slaughter,Democratic
2016,New York,26,Brian Higgins,Democratic
2016,New York,27,Chris Collins,Republican
2016,North Carolina,1,G. K. Butterfield,Democratic
2016,North Carolina,2,George Holding,Republican
2016,North Carolina,3,Walter B. Jones Jr.,Republican
2016,North Carolina,4,David Price,Democratic
2016,North Carolina,5,Virginia Foxx,Republican
2016,North Carolina,6,Mark Walker,Republican
2016,North Carolina,7,David Rouzer,Republican
2016,North Carolina,8,Richard Hudson,Republican
2016,North Carolina,9,Robert Pittenger,Republican
2016,North Carolina,10,Patrick McHenry,Republican
2016,North Carolina,11,Mark Meadows,Republican
2016,North Carolina,12,Alma Adams,Democratic
2016,North Carolina,13,Ted Budd,Republican
2016,North Dakota,1,Kevin Cramer,Republican
2016,Ohio,1,Steve Chabot,Republican
2016,Ohio,2,Brad Wenstrup,Republican
2016,Ohio,3,Joyce Beatty,Democratic
2016,Ohio,4,Jim Jordan,Republican
2016,Ohio,5,Bob Latta,Republican
2016,Ohio,6,Bill Johnson,Republican
2016,Ohio,7,Bob Gibbs,Republican
2016,Ohio,8,Warren Davidson,Republican
2016,Ohio,9,Marcy Kaptur,Democratic
2016,Ohio,10,Mike Turner,Republican
2016,Ohio,11,Marcia Fudge,Democratic
2016,Ohio,12,Pat Tiberi,Republican
2016,Ohio,13,Tim Ryan,Democratic
2016,Ohio,14,David Joyce,Republican
2016,Ohio,15,Steve Stivers,Republican
2016,Ohio,16,Jim Renacci,Republican
2016,Oklahoma,1,Jim Bridenstine,Republican
2016,Oklahoma,2,Markwayne Mullin,Republican
2016,Oklahoma,3,Frank Lucas,Republican
2016,Oklahoma,4,Tom Cole,Republican
2016,Oklahoma,5,Steve Russell,Republican
2016,Oregon,1,Suzanne Bonamici,Democratic
2016,Oregon,2,Greg Walden,Republican
2016,Oregon,3,Earl Blumenauer,Democratic
2016,Oregon,4,Peter DeFazio,Democratic
2016,Oregon,5,Kurt Schrader,Democratic
2016,Pennsylvania,1,Bob Brady,Democratic
2016,Pennsylvania,2,Dwight Evans,Democratic
2016,Pennsylvania,3,Mike Kelly,Republican
2016,Pennsylvania,4,Scott Perry,Republican
2016,Pennsylvania,5,Glenn Thompson,Republican
2016,Pennsylvania,6,Ryan Costello,Republican
2016,Pennsylvania,7,Pat Meehan,Republican
2016,Pennsylvania,8,Brian Fitzpatrick,Republican
2016,Pennsylvania,9,Bill Shuster,Republican
2016,Pennsylvania,10,Tom Marino,Republican
2016,Pennsylvania,11,Lou Barletta,Republican
2016,Pennsylvania,12,Keith Rothfus,Republican
2016,Pennsylvania,13,Brendan Boyle,Democratic
2016,Pennsylvania,14,Michael F. Doyle,Democratic
2016,Pennsylvania,15,Clarlie Dent,Republican
2016,Pennsylvania,16,Lloyd Smucker,Republican
2016,Pennsylvania,17,Matt Cartwright,Democratic
2016,Pennsylvania,18,Timothy F. Murphy,Republican
2016,Rhode Island,1,David Cicilline,Democratic
2016,Rhode Island,2,James Langevin,Democratic
2016,South Carolina,1,Mark Sanford,Republican
2016,South Carolina,2,Joe Wilson,Republican
2016,South Carolina,3,Jeff Duncan,Republican
2016,South Carolina,4,Trey Gowdy,Republican
2016,South Carolina,5,Mick Mulvaney,Republican
2016,South Carolina,6,Jim Clyburn,Democratic
2016,South Carolina,7,Tom Rice,Republican
2016,South Dakota,1,Kristi Noem,Republican
2016,Tennessee,1,Phil Roe,Republican
2016,Tennessee,2,Jimmy Duncan,Republican
2016,Tennessee,3,Chuck Fleischmann,Republican
2016,Tennessee,4,Scott DesJarlais,Republican
2016,Tennessee,5,Jim Cooper,Democratic
2016,Tennessee,6,Diane Black,Republican
2016,Tennessee,7,Marsha Blackburn,Republican
2016,Tennessee,8,David Kustoff,Republican
2016,Tennessee,9,Steve Cohen,Democratic
2016,Texas,1,Louie Gohmert,Republican
2016,Texas,2,Ted Poe,Republican
2016,Texas,3,Sam Johnson,Republican
2016,Texas,4,John Ratcliffe,Republican
2016,Texas,5,Jeb Hensarling,Republican
2016,Texas,6,Joe Barton,Republican
2016,Texas,7,John Culberson,Republican
2016,Texas,8,Kevin Brady,Republican
2016,Texas,9,Al Green,Democratic
2016,Texas,10,Michael McCaul,Republican
2016,Texas,11,Mike Conaway,Republican
2016,Texas,12,Kay Granger,Republican
2016,Texas,13,Mac Thornberry,Republican
2016,Texas,14,Randy Weber,Republican
2016,Texas,15,Vicente Gonzalez,Democratic
2016,Texas,16,Beto O'Rourke,Democratic
2016,Texas,17,Bill Flores,Republican
2016,Texas,18,Sheila Jackson Lee,Democratic
2016,Texas,19,Jodey Arrington,Republican
2016,Texas,20,Joaquín Castro,Democratic
2016,Texas,21,Lamar S. Smith,Republican
2016,Texas,22,Pete Olson,Republican
2016,Texas,23,Will Hurd,Republican
2016,Texas,24,Kenny Marchant,Republican
2016,Texas,25,Roger Williams,Republican
2016,Texas,26,Michael C. Burgess,Republican
2016,Texas,27,Blake Farenthold,Republican
2016,Texas,28,Henry Cuellar,Democratic
2016,Texas,29,Gene Green,Democratic
2016,Texas,30,Eddie Bernice Johnson,Democratic
2016,Texas,31,John Carter,Republican
2016,Texas,32,Pete Sessions,Republican
2016,Texas,33,Marc Veasey,Democratic
2016,Texas,34,Filemon Vela Jr.,Democratic
2016,Texas,35,Lloyd Doggett,Democratic
2016,Texas,36,Brian Babin,Republican
2016,Utah,1,Rob Bishop,Republican
2016,Utah,2,Chris Stewart,Republican
2016,Utah,3,Jason Chaffetz,Republican
2016,Utah,4,Mia Love,Republican
2016,Vermont,1,Peter Welch,Democratic
2016,Virginia,1,Rob Wittman,Republican
2016,Virginia,2,Scott Taylor,Republican
2016,Virginia,3,Bobby Scott,Democratic
2016,Virginia,4,Donald McEachin,Democratic
2016,Virginia,5,Thomas Garrett Jr.,Republican
2016,Virginia,6,Bob Goodlatte,Republican
2016,Virginia,7,Dave Brat,Republican
2016,Virginia,8,Don Beyer,Democratic
2016,Virginia,9,Morgan Griffith,Republican
2016,Virginia,10,Barbara Comstock,Republican
2016,Virginia,11,Gerry Connolly,Democratic
2016,Washington,1,Susan DelBene,Democratic
2016,Washington,2,Rick Larsen,Democratic
2016,Washington,3,Jaime Herrera Beutler,Republican
2016,Washington,4,Dan Newhouse,Republican
2016,Washington,5,Cathy McMorris Rodgers,Republican
2016,Washington,6,Derek Kilmer,Democratic
2016,Washington,7,Pramila Jayapal,Democratic
2016,Washington,8,Dave Reichert,Republican
2016,Washington,9,Adam Smith,Democratic
2016,Washington,10,Denny Heck,Democratic
2016,West Virginia,1,David McKinley,Republican
2016,West Virginia,2,Alex Mooney,Republican
2016,West Virginia,3,Evan Jenkins,Republican
2016,Wisconsin,1,Paul Ryan,Republican
2016,Wisconsin,2,Mark Pocan,Democratic
2016,Wisconsin,3,Ron Kind,Democratic
2016,Wisconsin,4,Gwen Moore,Democratic
2016,Wisconsin,5,Jim Sensenbrenner,Republican
2016,Wisconsin,6,Glenn Grothman,Republican
2016,Wisconsin,7,Sean Duffy,Republican
2016,Wisconsin,8,Mike Gallagher,Republican
2016,Wyoming,1,Liz Cheney,Republican
2018,Alabama,1,Bradley Byrne,Republican
2018,Alabama,2,Martha Roby,Republican
2018,Alabama,3,Mike Rogers,Republican
2018,Alabama,4,Robert Aderholt,Republican
2018,Alabama,5,Mo Brooks,Republican
2018,Alabama,6,Gary Palmer,Republican
2018,Alabama,7,Terri Sewell,Democratic
2018,Alaska,1,Don Young,Republican
2018,Arizona,1,Tom O'Halleran,Democratic
2018,Arizona,2,Ann Kirkpatrick,Democratic
2018,Arizona,3,Raúl Grijalva,Democratic
2018,Arizona,4,Paul Gosar,Republican
2018,Arizona,5,Andy Biggs,Republican
2018,Arizona,6,David Schweikert,Republican
2018,Arizona,7,Ruben Gallego,Democratic
2018,Arizona,8,Debbi Lesko,Republican
2018,Arizona,9,Greg Stanton,Democratic
2018,Arkansas,1,Rick Crawford,Republican
2018,Arkansas,2,French Hill,Republican
2018,Arkansas,3,Steve Womack,Republican
2018,Arkansas,4,Bruce Westerman,Republican
2018,California,1,Doug LaMalfa,Republican
2018,California,2,Jared Huffman,Democratic
2018,California,3,John Garamendi,Democratic
2018,California,4,Tom McClintock,Republican
2018,California,5,Mike Thompson,Democratic
2018,California,6,Doris Matsui,Democratic
2018,California,7,Ami Bera,Democratic
2018,California,8,Paul Cook,Republican
2018,California,9,Jerry McNerney,Democratic
2018,California,10,Josh harder,Democratic
2018,California,11,Mark DeSaulnier,Democratic
2018,California,12,Nancy Pelosi,Democratic
2018,California,13,Barbara Lee,Democratic
2018,California,14,Jackie Speier,Democratic
2018,California,15,Eric Swalwell,Democratic
2018,California,16,Jim Costa,Democratic
2018,California,17,Ro Khanna,Democratic
2018,California,18,Anna Eshoo,Democratic
2018,California,19,Zoe Lofgren,Democratic
2018,California,20,Jimmy Panetta,Democratic
2018,California,21,TJ Cox,Democratic
2018,California,22,Devid Nunes,Republican
2018,California,23,Kevin McCarthy,Republican
2018,California,24,Salud Carbajal,Democratic
2018,California,25,Katie Hill,Democratic
2018,California,26,Julia Brownley,Democratic
2018,California,27,Judy Chu,Democratic
2018,California,28,Adam Schiff,Democratic
2018,California,29,Tony Cárdenas,Democratic
2018,California,30,Brad Sherman,Democratic
2018,California,31,Pete Aguilar,Democratic
2018,California,32,Grace F. Napolitano,Democratic
2018,California,33,Ted W. Lieu,Democratic
2018,California,34,Jimmy Gomez,Democratic
2018,California,35,Norma J. Torres,Democratic
2018,California,36,Raul Ruiz,Democratic
2018,California,37,Karen Bass,Democratic
2018,California,38,Linda T. Sánchez,Democratic
2018,California,39,Gil Cisneros,Democratic
2018,California,40,Lucille Roybal-Allard,Democratic
2018,California,41,Mark Takano,Democratic
2018,California,42,Ken Calvert,Republican
2018,California,43,Maxine Waters,Democratic
2018,California,44,Nanette Barragán,Democratic
2018,California,45,Katie Porter,Democratic
2018,California,46,Lou Correa,Democratic
2018,California,47,Alan Lowenthal,Democratic
2018,California,48,Harley Rouda,Democratic
2018,California,49,Mike Levin,Democratic
2018,California,50,Duncan D. Hunter,Republican
2018,California,51,Juan Vargas,Democratic
2018,California,52,Scott Peters,Democratic
2018,California,53,Susan Davis,Democratic
2018,Colorado,1,Diana DeGette,Democratic
2018,Colorado,2,Joe Neguse,Democratic
2018,Colorado,3,Scott Tipton,Republican
2018,Colorado,4,Ken Buck,Republican
2018,Colorado,5,Doug Lamborn,Republican
2018,Colorado,6,Jason Crow,Democratic
2018,Colorado,7,Ed Perlmutter,Democratic
2018,Connecticut,1,John B. Larson,Democratic
2018,Connecticut,2,Joe Courtney,Democratic
2018,Connecticut,3,Rosa DeLauro,Democratic
2018,Connecticut,4,Jim Himes,Democratic
2018,Connecticut,5,Jahana Hayes,Democratic
2018,Delaware,1,Lisa Blunt Rochester,Democratic
2018,Florida,1,Matt Gaetz,Republican
2018,Florida,2,Neal Dunn,Republican
2018,Florida,3,Ted Yoho,Republican
2018,Florida,4,John Rutherford,Republican
2018,Florida,5,Al Lawson,Democratic
2018,Florida,6,Michael Waltz,Republican
2018,Florida,7,Stephanie Murphy,Democratic
2018,Florida,8,Bill Posey,Republican
2018,Florida,9,Darren Soto,Democratic
2018,Florida,10,Val Demings,Democratic
2018,Florida,11,Daniel Webster,Republican
2018,Florida,12,Gus Bilirakis,Republican
2018,Florida,13,Charlie Crist,Democratic
2018,Florida,14,Kathy Castor,Democratic
2018,Florida,15,Ross Spano,Republican
2018,Florida,16,Vern Buchanan,Republican
2018,Florida,17,Greg Steube,Republican
2018,Florida,18,Brian Mast,Republican
2018,Florida,19,Francis Rooney,Republican
2018,Florida,20,Alcee Hastings,Democratic
2018,Florida,21,Lois Frankel,Democratic
2018,Florida,22,Ted Deutch,Democratic
2018,Florida,23,Debbie Wasserman Schultz,Democratic
2018,Florida,24,Frederica Wilson,Democratic
2018,Florida,25,Mario Díaz-Balart,Republican
2018,Florida,26,Debbie Mucarsel-Powell,Democratic
2018,Florida,27,Donna Shalala,Democratic
2018,Georgia,1,Buddy Carter,Republican
2018,Georgia,2,Sanford Bishop,Democratic
2018,Georgia,3,Drew Ferguson,Republican
2018,Georgia,4,Hank Johnson,Democratic
2018,Georgia,5,John Lewis,Democratic
2018,Georgia,6,Lucy McBath,Democratic
2018,Georgia,7,Rob Woodall,Republican
2018,Georgia,8,Austin Scott,Republican
2018,Georgia,9,Doug Collins,Republican
2018,Georgia,10,Jody Hice,Republican
2018,Georgia,11,Barry Loudermilk,Republican
2018,Georgia,12,Rick W. Allen,Republican
2018,Georgia,13,David Scott,Democratic
2018,Georgia,14,Tom Graves,Republican
2018,Hawaii,1,Ed Case,Democratic
2018,Hawaii,2,Tulsi Gabbard,Democratic
2018,Idaho,1,Russ Fulcher,Republican
2018,Idaho,2,Michael K. Simpson,Republican
2018,Illinois,1,Bobby Rush,Democratic
2018,Illinois,2,Robin Kelly,Democratic
2018,Illinois,3,Dan Lipinski,Democratic
2018,Illinois,4,"Jesús ""Chuy"" García",Democratic
2018,Illinois,5,Mike Quigley,Democratic
2018,Illinois,6,Sean Casten,Democratic
2018,Illinois,7,Danny K. Davis,Democratic
2018,Illinois,8,Raja Krishnamoorthi,Democratic
2018,Illinois,9,Jan Schakowsky,Democratic
2018,Illinois,10,Brad Schneider,Democratic
2018,Illinois,11,Bill Foster,Democratic
2018,Illinois,12,Mike Bost,Republican
2018,Illinois,13,Rodney Davis,Republican
2018,Illinois,14,Lauren Underwood,Democratic
2018,Illinois,15,John Shimkus,Republican
2018,Illinois,16,Adam Kinzinger,Republican
2018,Illinois,17,Cheri Bustos,Democratic
2018,Illinois,18,Darin LaHood,Republican
2018,Indiana,1,Pete Visclosky,Democratic
2018,Indiana,2,Jackie Walorski,Republican
2018,Indiana,3,Jim banks,Republican
2018,Indiana,4,Jim Baird,Republican
2018,Indiana,5,Susan Brooks,Republican
2018,Indiana,6,Greg Pence,Republican
2018,Indiana,7,André Carson,Democratic
2018,Indiana,8,Larry Bucshon,Republican
2018,Indiana,9,Trey Hollingsworth,Republican
2018,Iowa,1,Abby Finkenauer,Democratic
2018,Iowa,2,Dave Loebsack,Democratic
2018,Iowa,3,Cindy Axne,Democratic
2018,Iowa,4,Steve King,Republican
2018,Kansas,1,Roger Marshall,Republican
2018,Kansas,2,Steve Watkins,Republican
2018,Kansas,3,Sharice Davids,Democratic
2018,Kansas,4,Ron Estes,Republican
2018,Kentucky,1,James Comer,Republican
2018,Kentucky,2,Brett Guthrie,Republican
2018,Kentucky,3,John Yarmuth,Democratic
2018,Kentucky,4,Thomas Massie,Republican
2018,Kentucky,5,Hal Rogers,Republican
2018,Kentucky,6,Andy Barr,Republican
2018,Louisiana,1,Steve Scalise,Republican
2018,Louisiana,2,Cedric Richmond,Democratic
2018,Louisiana,3,Clay Higgins,Republican
2018,Louisiana,4,Mike Johnson,Republican
2018,Louisiana,5,Ralph Abraham,Republican
2018,Louisiana,6,Garret Graves,Republican
2018,Maine,1,Chellie Pingree,Democratic
2018,Maine,2,Jared Golden,Democratic
2018,Maryland,1,Andy Harris,Republican
2018,Maryland,2,Dutch Ruppersberger,Democratic
2018,Maryland,3,John Sarbanes,Democratic
2018,Maryland,4,Anthony Brown,Democratic
2018,Maryland,5,Steny Hoyer,Democratic
2018,Maryland,6,David Trone,Democratic
2018,Maryland,7,Elijah Cummungs,Democratic
2018,Maryland,8,Jamie Raskin,Democratic
2018,Massachusetts,1,Richard Neal,Democratic
2018,Massachusetts,2,Jim McGovern,Democratic
2018,Massachusetts,3,Lori Trahan,Democratic
2018,Massachusetts,4,Joe Kennedy III,Democratic
2018,Massachusetts,5,Katherine Clark,Democratic
2018,Massachusetts,6,Seth Moulton,Democratic
2018,Massachusetts,7,Ayanna Pressley,Democratic
2018,Massachusetts,8,Stephen F. Lynch,Democratic
2018,Massachusetts,9,Bill Keating,Democratic
2018,Michigan,1,Jack Bergman,Republican
2018,Michigan,2,Bill Huizenga,Republican
2018,Michigan,3,Justin Amash,Republican
2018,Michigan,4,John Moolenaar,Republican
2018,Michigan,5,Dan Kildee,Democratic
2018,Michigan,6,Fred Upton,Republican
2018,Michigan,7,Tim Walberg,Republican
2018,Michigan,8,Elissa Slotkin,Democratic
2018,Michigan,9,Andy Levin,Democratic
2018,Michigan,10,Paul Mitchell,Republican
2018,Michigan,11,Haley Stevens,Democratic
2018,Michigan,12,Debbie Dingell,Democratic
2018,Michigan,13,Rashida Tlaib,Democratic
2018,Michigan,14,Brenda Lawrence,Democratic
2018,Minnesota,1,Jim Hagedorn,Republican
2018,Minnesota,2,Angie Craig,Democratic
2018,Minnesota,3,Dean Phillips,Democratic
2018,Minnesota,4,Betty McCollum,Democratic
2018,Minnesota,5,Ilhan Omar,Democratic
2018,Minnesota,6,Tom Emmer,Republican
2018,Minnesota,7,Collin Peterson,Democratic
2018,Minnesota,8,Pete Stauber,Republican
2018,Mississippi,1,Trent Kelly,Republican
2018,Mississippi,2,Bennie Thompson,Democratic
2018,Mississippi,3,Michael Guest,Republican
2018,Mississippi,4,Steven Palazzo,Republican
2018,Missouri,1,Lacy Clay,Democratic
2018,Missouri,2,Ann Wagner,Republican
2018,Missouri,3,Blaine Luetkemeyer,Republican
2018,Missouri,4,Vicky Hartzler,Republican
2018,Missouri,5,Emanuel Cleaver,Democratic
2018,Missouri,6,Sam Graves,Republican
2018,Missouri,7,Billy Long,Republican
2018,Missouri,8,Jason Smith,Republican
2018,Montana,1,Greg Gianforte,Republican
2018,Nebraska,1,Jeff Fortenberry,Republican
2018,Nebraska,2,Don Bacon,Republican
2018,Nebraska,3,Adrian Smith,Republican
2018,Nevada,1,Dina Titus,Democratic
2018,Nevada,2,Mark Amodei,Republican
2018,Nevada,3,Susie Lee,Democratic
2018,Nevada,4,Steven Horsford,Democratic
2018,New Hampshire,1,Chris Pappas,Democratic
2018,New Hampshire,2,Ann McLane Kuster,Democratic
2018,New Jersey,1,Donald Norcross,Democratic
2018,New Jersey,2,Jeff Van Drew,Democratic
2018,New Jersey,3,Andy Kim,Democratic
2018,New Jersey,4,Chris Smith,Republican
2018,New Jersey,5,Josh Gottheimer,Democratic
2018,New Jersey,6,Frank Pallone,Democratic
2018,New Jersey,7,Tom Malinowski,Democratic
2018,New Jersey,8,Albio Sires,Democratic
2018,New Jersey,9,Bill Pascrell,Democratic
2018,New Jersey,10,Donald Payne Jr.,Democratic
2018,New Jersey,11,Mikie Sherrill,Democratic
2018,New Jersey,12,Bonnie Watson Coleman,Democratic
2018,New Mexico,1,Deb Haaland,Democratic
2018,New Mexico,2,Xochitl Torres Small,Democratic
2018,New Mexico,3,Ben Ray Luján,Democratic
2018,New York,1,Lee Zeldin,Republican
2018,New York,2,Peter T. King,Republican
2018,New York,3,Thomas Suozzi,Democratic
2018,New York,4,Kathleen Rice,Democratic
2018,New York,5,Gregory Meeks,Democratic
2018,New York,6,Grace Meng,Democratic
2018,New York,7,Nydia Velázquez,Democratic
2018,New York,8,Hakeem Jeffries,Democratic
2018,New York,9,Yvette Clarke,Democratic
2018,New York,10,Jerrold Nadler,Democratic
2018,New York,11,Max Rose,Democratic
2018,New York,12,Carolyn Maloney,Democratic
2018,New York,13,Adriano Espaillat,Democratic
2018,New York,14,Alexandria Ocasio-Cortez,Democratic
2018,New York,15,José E. Serrano,Democratic
2018,New York,16,Eliot Engel,Democratic
2018,New York,17,Nita Lowey,Democratic
2018,New York,18,Sean Patrick Maloney,Democratic
2018,New York,19,Antonio Delgado,Democratic
2018,New York,20,Paul Tonko,Democratic
2018,New York,21,Elise Stefanik,Republican
2018,New York,22,Anthony Brindisi,Democratic
2018,New York,23,Tom Reed,Republican
2018,New York,24,John Katko,Republican
2018,New York,25,Joseph Morelle,Democratic
2018,New York,26,Brian Higgins,Democratic
2018,New York,27,Chris Collins,Republican
2018,North Carolina,1,G. K. Butterfield,Democratic
2018,North Carolina,2,George Holding,Republican
2018,North Carolina,3,Walter B. Jones Jr.,Republican
2018,North Carolina,4,David Price,Democratic
2018,North Carolina,5,Virginia Foxx,Republican
2018,North Carolina,6,Mark Walker,Republican
2018,North Carolina,7,David Rouzer,Republican
2018,North Carolina,8,Richard Hudson,Republican
2018,North Carolina,9,Dan Bishop,Republican
2018,North Carolina,10,Patrick McHenry,Republican
2018,North Carolina,11,Mark Meadows,Republican
2018,North Carolina,12,Alma Adams,Democratic
2018,North Carolina,13,Ted Budd,Republican
2018,North Dakota,1,Kelly Armstrong,Republican
2018,Ohio,1,Steve Chabot,Republican
2018,Ohio,2,Brad Wenstrup,Republican
2018,Ohio,3,Joyce Beatty,Democratic
2018,Ohio,4,Jim Jordan,Republican
2018,Ohio,5,Bob Latta,Republican
2018,Ohio,6,Bill Johnson,Republican
2018,Ohio,7,Bob Gibbs,Republican
2018,Ohio,8,Warren Davidson,Republican
2018,Ohio,9,Marcy Kaptur,Democratic
2018,Ohio,10,Mike Turner,Republican
2018,Ohio,11,Marcia Fudge,Democratic
2018,Ohio,12,Troy Balderson,Republican
2018,Ohio,13,Tim Ryan,Democratic
2018,Ohio,14,David Joyce,Republican
2018,Ohio,15,Steve Stivers,Republican
2018,Ohio,16,Anthony Gonzalez,Republican
2018,Oklahoma,1,Kevin Hern,Republican
2018,Oklahoma,2,Markwayne Mullin,Republican
2018,Oklahoma,3,Frank Lucas,Republican
2018,Oklahoma,4,Tom Cole,Republican
2018,Oklahoma,5,Kendra Horn,Democratic
2018,Oregon,1,Suzanne Bonamici,Democratic
2018,Oregon,2,Greg Walden,Republican
2018,Oregon,3,Earl Blumenauer,Democratic
2018,Oregon,4,Peter DeFazio,Democratic
2018,Oregon,5,Kurt Schrader,Democratic
2018,Pennsylvania,1,Brian Fitzpatrick,Republican
2018,Pennsylvania,2,Brendan Boyle,Democratic
2018,Pennsylvania,3,Dwight Evans,Democratic
2018,Pennsylvania,4,Madeleine Dean,Democratic
2018,Pennsylvania,5,Mary Gay Scanlon,Democratic
2018,Pennsylvania,6,Chrissy Houlahan,Democratic
2018,Pennsylvania,7,Susan Wild,Democratic
2018,Pennsylvania,8,Matt Cartwright,Democratic
2018,Pennsylvania,9,Dan Meuser,Republican
2018,Pennsylvania,10,Scott Perry,Republican
2018,Pennsylvania,11,Lloyd Smucker,Republican
2018,Pennsylvania,12,Tom Marino,Republican
2018,Pennsylvania,13,John Joyce,Republican
2018,Pennsylvania,14,Guy Reschenthaler,Republican
2018,Pennsylvania,15,Glenn Thompson,Republican
2018,Pennsylvania,16,Mike Kelly,Republican
2018,Pennsylvania,17,Conor Lamb,Democratic
2018,Pennsylvania,18,Michael F. Doyle,Democratic
2018,Rhode Island,1,David Cicilline,Democratic
2018,Rhode Island,2,Jim Langevin,Democratic
2018,South Carolina,1,Joe Cunningham,Democratic
2018,South Carolina,2,Joe Wilson,Republican
2018,South Carolina,3,Jeff Duncan,Republican
2018,South Carolina,4,William Timmons,Republican
2018,South Carolina,5,Ralph Norman,Republican
2018,South Carolina,6,Jim Clyburn,Democratic
2018,South Carolina,7,Tom Rice,Republican
2018,South Dakota,1,Dusty Johnson,Republican
2018,Tennessee,1,Phil Roe,Republican
2018,Tennessee,2,Tim Burchett,Republican
2018,Tennessee,3,Chuck Fleischmann,Republican
2018,Tennessee,4,Scott DesJarlais,Republican
2018,Tennessee,5,Jim Cooper,Democratic
2018,Tennessee,6,John Rose,Republican
2018,Tennessee,7,Mark E. Green,Republican
2018,Tennessee,8,David Kustoff,Republican
2018,Tennessee,9,Steve Cohen,Democratic
2018,Texas,1,Louie Gohmert,Republican
2018,Texas,2,Dan Crenshaw,Republican
2018,Texas,3,Van Taylor,Republican
2018,Texas,4,John Ratcliffe,Republican
2018,Texas,5,Lance Gooden,Republican
2018,Texas,6,Ron Wright,Republican
2018,Texas,7,Lizzie Fletcher,Democratic
2018,Texas,8,Kevin Brady,Republican
2018,Texas,9,Al Green,Democratic
2018,Texas,10,Michael McCaul,Republican
2018,Texas,11,Mike Conaway,Republican
2018,Texas,12,Kay Granger,Republican
2018,Texas,13,Mac Thornberry,Republican
2018,Texas,14,Randy Weber,Republican
2018,Texas,15,Vicente Gonzalez,Democratic
2018,Texas,16,Veronica Escobar,Democratic
2018,Texas,17,Bill Flores,Republican
2018,Texas,18,Sheila Jackson Lee,Democratic
2018,Texas,19,Jodey Arrington,Republican
2018,Texas,20,Joaquín Castro,Democratic
2018,Texas,21,Chip Roy,Republican
2018,Texas,22,Pete Olson,Republican
2018,Texas,23,Will Hurd,Republican
2018,Texas,24,Kenny Marchant,Republican
2018,Texas,25,Roger Williams,Republican
2018,Texas,26,Michael C. Burgess,Republican
2018,Texas,27,Michael Cloud,Republican
2018,Texas,28,Henry Cuellar,Democratic
2018,Texas,29,Sylvia Garcia,Democratic
2018,Texas,30,Eddie Bernice Johnson,Democratic
2018,Texas,31,John Carter,Republican
2018,Texas,32,Colin Allred,Democratic
2018,Texas,33,Marc Veasey,Democratic
2018,Texas,34,Filemon Vela Jr.,Democratic
2018,Texas,35,Lloyd Doggett,Democratic
2018,Texas,36,Brian Babin,Republican
2018,Utah,1,Rob Bishop,Republican
2018,Utah,2,Chris Stewart,Republican
2018,Utah,3,John Curtis,Republican
2018,Utah,4,Ben McAdams,Democratic
2018,Vermont,1,Peter Welch,Democratic
2018,Virginia,1,Rob Wittman,Republican
2018,Virginia,2,Elaine Luria,Democratic
2018,Virginia,3,Bobby Scott,Democratic
2018,Virginia,4,Donald McEachin,Democratic
2018,Virginia,5,Denver Riggleman,Republican
2018,Virginia,6,Ben Cline,Republican
2018,Virginia,7,Abigail Spanberger,Democratic
2018,Virginia,8,Don Beyer,Democratic
2018,Virginia,9,Morgan Griffith,Republican
2018,Virginia,10,Jennifer Wexton,Democratic
2018,Virginia,11,Gerry Connolly,Democratic
2018,Washington,1,Susan DelBene,Democratic
2018,Washington,2,Rick Larsen,Democratic
2018,Washington,3,Jaime Herrera Beutler,Republican
2018,Washington,4,Dan Newhouse,Republican
2018,Washington,5,Cathy McMorris Rodgers,Republican
2018,Washington,6,Derek Kilmer,Democratic
2018,Washington,7,Pramila Jayapal,Democratic
2018,Washington,8,Kim Schrier,Democratic
2018,Washington,9,Adam Smith,Democratic
2018,Washington,10,Denny Heck,Democratic
2018,West Virginia,1,David McKinley,Republican
2018,West Virginia,2,Alex Mooney,Republican
2018,West Virginia,3,Carol Miller,Republican
2018,Wisconsin,1,Bryan Steil,Republican
2018,Wisconsin,2,Mark Pocan,Democratic
2018,Wisconsin,3,Ron Kind,Democratic
2018,Wisconsin,4,Gwen Moore,Democratic
2018,Wisconsin,5,Jim Sensenbrenner,Republican
2018,Wisconsin,6,Glenn Grothman,Republican
2018,Wisconsin,7,Sean Duffy,Republican
2018,Wisconsin,8,Mike Gallagher,Republican
2018,Wyoming,1,Liz Cheney,Republican
2020,Alabama,1,Jerry Carl,Republican
2020,Alabama,2,Barry Moore,Republican
2020,Alabama,3,Mike Rogers,Republican
2020,Alabama,4,Robert Aderholt,Republican
2020,Alabama,5,Mo Brooks,Republican
2020,Alabama,6,Gary Palmer,Republican
2020,Alabama,7,Terri Sewell,Democratic
2020,Alaska,1,Don Young,Republican
2020,Arizona,1,Tom O'Halleran,Democratic
2020,Arizona,2,Ann Kirkpatrick,Democratic
2020,Arizona,3,Raúl Grijalva,Democratic
2020,Arizona,4,Paul Gosar,Republican
2020,Arizona,5,Andy Biggs,Republican
2020,Arizona,6,David Schweikert,Republican
2020,Arizona,7,Ruben Gallego,Democratic
2020,Arizona,8,Debbi Lesko,Republican
2020,Arizona,9,Greg Stanton,Democratic
2020,Arkansas,1,Rick Crawford,Republican
2020,Arkansas,2,French Hill,Republican
2020,Arkansas,3,Steve Womack,Republican
2020,Arkansas,4,Bruce Westerman,Republican
2020,California,1,Doug LaMalfa,Republican
2020,California,2,Jared Huffman,Democratic
2020,California,3,John Garamendi,Democratic
2020,California,4,Tom McClintock,Republican
2020,California,5,Mike Thompson,Democratic
2020,California,6,Doris Matsui,Democratic
2020,California,7,Ami Bera,Democratic
2020,California,8,Jay Obernolte,Republican
2020,California,9,Jerry McNerney,Democratic
2020,California,10,Josh harder,Democratic
2020,California,11,Mark DeSaulnier,Democratic
2020,California,12,Nancy Pelosi,Democratic
2020,California,13,Barbara Lee,Democratic
2020,California,14,Jackie Speier,Democratic
2020,California,15,Eric Swalwell,Democratic
2020,California,16,Jim Costa,Democratic
2020,California,17,Ro Khanna,Democratic
2020,California,18,Anna Eshoo,Democratic
2020,California,19,Zoe Lofgren,Democratic
2020,California,20,Jimmy Panetta,Democratic
2020,California,21,David Valadao,Republican
2020,California,22,Devid Nunes,Republican
2020,California,23,Kevin McCarthy,Republican
2020,California,24,Salud Carbajal,Democratic
2020,California,25,Mike Garcia,Republican
2020,California,26,Julia Brownley,Democratic
2020,California,27,Judy Chu,Democratic
2020,California,28,Adam Schiff,Democratic
2020,California,29,Tony Cárdenas,Democratic
2020,California,30,Brad Sherman,Democratic
2020,California,31,Pete Aguilar,Democratic
2020,California,32,Grace F. Napolitano,Democratic
2020,California,33,Ted W. Lieu,Democratic
2020,California,34,Jimmy Gomez,Democratic
2020,California,35,Norma J. Torres,Democratic
2020,California,36,Raul Ruiz,Democratic
2020,California,37,Karen Bass,Democratic
2020,California,38,Linda T. Sánchez,Democratic
2020,California,39,Young Kim,Republican
2020,California,40,Lucille Roybal-Allard,Democratic
2020,California,41,Mark Takano,Democratic
2020,California,42,Ken Calvert,Republican
2020,California,43,Maxine Waters,Democratic
2020,California,44,Nanette Barragán,Democratic
2020,California,45,Katie Porter,Democratic
2020,California,46,Lou Correa,Democratic
2020,California,47,Alan Lowenthal,Democratic
2020,California,48,Michelle Steel,Republican
2020,California,49,Mike Levin,Democratic
2020,California,50,Darrell Issa,Republican
2020,California,51,Juan Vargas,Democratic
2020,California,52,Scott Peters,Democratic
2020,California,53,Sara Jacobs,Democratic
2020,Colorado,1,Diana DeGette,Democratic
2020,Colorado,2,Joe Neguse,Democratic
2020,Colorado,3,Lauren Boebert,Republican
2020,Colorado,4,Ken Buck,Republican
2020,Colorado,5,Doug Lamborn,Republican
2020,Colorado,6,Jason Crow,Democratic
2020,Colorado,7,Ed Perlmutter,Democratic
2020,Connecticut,1,John B. Larson,Democratic
2020,Connecticut,2,Joe Courtney,Democratic
2020,Connecticut,3,Rosa DeLauro,Democratic
2020,Connecticut,4,Jim Himes,Democratic
2020,Connecticut,5,Jahana Hayes,Democratic
2020,Delaware,1,Lisa Blunt Rochester,Democratic
2020,Florida,1,Matt Gaetz,Republican
2020,Florida,2,Neal Dunn,Republican
2020,Florida,3,Kat Cammack,Republican
2020,Florida,4,John Rutherford,Republican
2020,Florida,5,Al Lawson,Democratic
2020,Florida,6,Michael Waltz,Republican
2020,Florida,7,Stephanie Murphy,Democratic
2020,Florida,8,Bill Posey,Republican
2020,Florida,9,Darren Soto,Democratic
2020,Florida,10,Val Demings,Democratic
2020,Florida,11,Daniel Webster,Republican
2020,Florida,12,Gus Bilirakis,Republican
2020,Florida,13,Charlie Crist,Democratic
2020,Florida,14,Kathy Castor,Democratic
2020,Florida,15,Scott Franklin,Republican
2020,Florida,16,Vern Buchanan,Republican
2020,Florida,17,Greg Steube,Republican
2020,Florida,18,Brian Mast,Republican
2020,Florida,19,Byron Donalds,Republican
2020,Florida,20,Alcee Hastings,Democratic
2020,Florida,21,Lois Frankel,Democratic
2020,Florida,22,Ted Deutch,Democratic
2020,Florida,23,Debbie Wasserman Schultz,Democratic
2020,Florida,24,Frederica Wilson,Democratic
2020,Florida,25,Mario Díaz-Balart,Republican
2020,Florida,26,Carlos A. Giménez,Republican
2020,Florida,27,Maria Elvira Salazar,Republican
2020,Georgia,1,Buddy Carter,Republican
2020,Georgia,2,Sanford Bishop,Democratic
2020,Georgia,3,Drew Ferguson,Republican
2020,Georgia,4,Hank Johnson,Democratic
2020,Georgia,5,Nikema WIlliams,Democratic
2020,Georgia,6,Lucy McBath,Democratic
2020,Georgia,7,Carolyn Bourdeaux,Democratic
2020,Georgia,8,Austin Scott,Republican
2020,Georgia,9,Andrew Clyde,Republican
2020,Georgia,10,Jody Hice,Republican
2020,Georgia,11,Barry Loudermilk,Republican
2020,Georgia,12,Rick W. Allen,Republican
2020,Georgia,13,David Scott,Democratic
2020,Georgia,14,Marjorie Taylor Greene,Republican
2020,Hawaii,1,Ed Case,Democratic
2020,Hawaii,2,Kai Kahele,Democratic
2020,Idaho,1,Russ Fulcher,Republican
2020,Idaho,2,Mike Simpson,Republican
2020,Illinois,1,Bobby Rush,Democratic
2020,Illinois,2,Robin Kelly,Democratic
2020,Illinois,3,Marie Newman,Democratic
2020,Illinois,4,"Jesús ""Chuy"" García",Democratic
2020,Illinois,5,Mike Quigley,Democratic
2020,Illinois,6,Sean Casten,Democratic
2020,Illinois,7,Danny K. Davis,Democratic
2020,Illinois,8,Raja Krishnamoorthi,Democratic
2020,Illinois,9,Jan Schakowsky,Democratic
2020,Illinois,10,Brad Schneider,Democratic
2020,Illinois,11,Bill Foster,Democratic
2020,Illinois,12,Mike Bost,Republican
2020,Illinois,13,Rodney Davis,Republican
2020,Illinois,14,Lauren Underwood,Democratic
2020,Illinois,15,Mary Miller,Republican
2020,Illinois,16,Adam Kinzinger,Republican
2020,Illinois,17,Cheri Bustos,Democratic
2020,Illinois,18,Darin LaHood,Republican
2020,Indiana,1,Frank J. Mrvan,Democratic
2020,Indiana,2,Jackie Walorski,Republican
2020,Indiana,3,Jim banks,Republican
2020,Indiana,4,Jim Baird,Republican
2020,Indiana,5,Victoria Spartz,Republican
2020,Indiana,6,Greg Pence,Republican
2020,Indiana,7,André Carson,Democratic
2020,Indiana,8,Larry Bucshon,Republican
2020,Indiana,9,Trey Hollingsworth,Republican
2020,Iowa,1,Ashley Hinson,Republican
2020,Iowa,2,Mariannette Miller-Meeks,Republican
2020,Iowa,3,Cindy Axne,Democratic
2020,Iowa,4,Randy Feenstra,Republican
2020,Kansas,1,Tracey Mann,Republican
2020,Kansas,2,Jake LaTurner,Republican
2020,Kansas,3,Sharice Davids,Democratic
2020,Kansas,4,Ron Estes,Republican
2020,Kentucky,1,James Comer,Republican
2020,Kentucky,2,Brett Guthrie,Republican
2020,Kentucky,3,John Yarmuth,Democratic
2020,Kentucky,4,Thomas Massie,Republican
2020,Kentucky,5,Hal Rogers,Republican
2020,Kentucky,6,Andy Barr,Republican
2020,Louisiana,1,Steve Scalise,Republican
2020,Louisiana,2,Cedric Richmond,Democratic
2020,Louisiana,3,Clay Higgins,Republican
2020,Louisiana,4,Mike Johnson,Republican
2020,Louisiana,5,Luke Letlow,Republican
2020,Louisiana,6,Garret Graves,Republican
2020,Maine,1,Chellie Pingree,Democratic
2020,Maine,2,Jared Golden,Democratic
2020,Maryland,1,Andy Harris,Republican
2020,Maryland,2,Dutch Ruppersberger,Democratic
2020,Maryland,3,John Sarbanes,Democratic
2020,Maryland,4,Anthony Brown,Democratic
2020,Maryland,5,Steny Hoyer,Democratic
2020,Maryland,6,David Trone,Democratic
2020,Maryland,7,Kweisi Mfume,Democratic
2020,Maryland,8,Jamie Raskin,Democratic
2020,Massachusetts,1,Richard Neal,Democratic
2020,Massachusetts,2,Jim McGovern,Democratic
2020,Massachusetts,3,Lori Trahan,Democratic
2020,Massachusetts,4,Jake Auchincloss,Democratic
2020,Massachusetts,5,Katherine Clark,Democratic
2020,Massachusetts,6,Seth Moulton,Democratic
2020,Massachusetts,7,Ayanna Pressley,Democratic
2020,Massachusetts,8,Stephen F. Lynch,Democratic
2020,Massachusetts,9,Bill Keating,Democratic
2020,Michigan,1,Jack Bergman,Republican
2020,Michigan,2,Bill Huizenga,Republican
2020,Michigan,3,Peter Meijer,Republican
2020,Michigan,4,John Moolenaar,Republican
2020,Michigan,5,Dan Kildee,Democratic
2020,Michigan,6,Fred Upton,Republican
2020,Michigan,7,Tim Walberg,Republican
2020,Michigan,8,Elissa Slotkin,Democratic
2020,Michigan,9,Andy Levin,Democratic
2020,Michigan,10,Lisa McClain,Republican
2020,Michigan,11,Haley Stevens,Democratic
2020,Michigan,12,Debbie Dingell,Democratic
2020,Michigan,13,Rashida Tlaib,Democratic
2020,Michigan,14,Brenda Lawrence,Democratic
2020,Minnesota,1,Jim Hagedorn,Republican
2020,Minnesota,2,Angie Craig,Democratic
2020,Minnesota,3,Dean Phillips,Democratic
2020,Minnesota,4,Betty McCollum,Democratic
2020,Minnesota,5,Ilhan Omar,Democratic
2020,Minnesota,6,Tom Emmer,Republican
2020,Minnesota,7,Michelle Fischback,Republican
2020,Minnesota,8,Pete Stauber,Republican
2020,Mississippi,1,Trent Kelly,Republican
2020,Mississippi,2,Bennie Thompson,Democratic
2020,Mississippi,3,Michael Guest,Republican
2020,Mississippi,4,Steven Palazzo,Republican
2020,Missouri,1,Cori Bush,Democratic
2020,Missouri,2,Ann Wagner,Republican
2020,Missouri,3,Blaine Luetkemeyer,Republican
2020,Missouri,4,Vicky Hartzler,Republican
2020,Missouri,5,Emanuel Cleaver,Democratic
2020,Missouri,6,Sam Graves,Republican
2020,Missouri,7,Billy Long,Republican
2020,Missouri,8,Jason Smith,Republican
2020,Montana,1,Matt Rosendale,Republican
2020,Nebraska,1,Jeff Fortenberry,Republican
2020,Nebraska,2,Don Bacon,Republican
2020,Nebraska,3,Adrian Smith,Republican
2020,Nevada,1,Dina Titus,Democratic
2020,Nevada,2,Mark Amodei,Republican
2020,Nevada,3,Susie Lee,Democratic
2020,Nevada,4,Steven Horsford,Democratic
2020,New Hampshire,1,Chris Pappas,Democratic
2020,New Hampshire,2,Ann McLane Kuster,Democratic
2020,New Jersey,1,Donald Norcross,Democratic
2020,New Jersey,2,Jeff Van Drew,Republican
2020,New Jersey,3,Andy Kim,Democratic
2020,New Jersey,4,Chris Smith,Republican
2020,New Jersey,5,Josh Gottheimer,Democratic
2020,New Jersey,6,Frank Pallone,Democratic
2020,New Jersey,7,Tom Malinowski,Democratic
2020,New Jersey,8,Albio Sires,Democratic
2020,New Jersey,9,Bill Pascrell,Democratic
2020,New Jersey,10,Donald Payne Jr.,Democratic
2020,New Jersey,11,Mikie Sherrill,Democratic
2020,New Jersey,12,Bonnie Watson Coleman,Democratic
2020,New Mexico,1,Deb Haaland,Democratic
2020,New Mexico,2,Yvette Herrell,Republican
2020,New Mexico,3,Teresa Leger Fernandez,Democratic
2020,New York,1,Lee Zeldin,Republican
2020,New York,2,Andrew Garbarino,Republican
2020,New York,3,Thomas Suozzi,Democratic
2020,New York,4,Kathleen Rice,Democratic
2020,New York,5,Gregory Meeks,Democratic
2020,New York,6,Grace Meng,Democratic
2020,New York,7,Nydia Velázquez,Democratic
2020,New York,8,Hakeem Jeffries,Democratic
2020,New York,9,Yvette Clarke,Democratic
2020,New York,10,Jerry Nadler,Democratic
2020,New York,11,Nicole Malliotakis,Republican
2020,New York,12,Carolyn Maloney,Democratic
2020,New York,13,Adriano Espaillat,Democratic
2020,New York,14,Alexandria Ocasio-Cortez,Democratic
2020,New York,15,Ritchie Torres,Democratic
2020,New York,16,Jamaal Browman,Democratic
2020,New York,17,Mondaire Jones,Democratic
2020,New York,18,Sean Patrick Maloney,Democratic
2020,New York,19,Antonio Delgado,Democratic
2020,New York,20,Paul Tonko,Democratic
2020,New York,21,Elise Stefanik,Republican
2020,New York,22,Claudia Tenney,Republican
2020,New York,23,Tom Reed,Republican
2020,New York,24,John Katko,Republican
2020,New York,25,Joseph Morelle,Democratic
2020,New York,26,Brian Higgins,Democratic
2020,New York,27,Chris Jacobs,Republican
2020,North Carolina,1,G. K. Butterfield,Democratic
2020,North Carolina,2,Deborah K. Ross,Democratic
2020,North Carolina,3,Greg Murphy,Republican
2020,North Carolina,4,David Price,Democratic
2020,North Carolina,5,Virginia Foxx,Republican
2020,North Carolina,6,Kathy Manning,Democratic
2020,North Carolina,7,David Rouzer,Republican
2020,North Carolina,8,Richard Hudson,Republican
2020,North Carolina,9,Dan Bishop,Republican
2020,North Carolina,10,Patrick McHenry,Republican
2020,North Carolina,11,Madison Cawthorn,Republican
2020,North Carolina,12,Alma Adams,Democratic
2020,North Carolina,13,Ted Budd,Republican
2020,North Dakota,1,Kelly Armstrong,Republican
2020,Ohio,1,Steve Chabot,Republican
2020,Ohio,2,Brad Wenstrup,Republican
2020,Ohio,3,Joyce Beatty,Democratic
2020,Ohio,4,Jim Jordan,Republican
2020,Ohio,5,Bob Latta,Republican
2020,Ohio,6,Bill Johnson,Republican
2020,Ohio,7,Bob Gibbs,Republican
2020,Ohio,8,Warren Davidson,Republican
2020,Ohio,9,Marcy Kaptur,Democratic
2020,Ohio,10,Mike Turner,Republican
2020,Ohio,11,Marcia Fudge,Democratic
2020,Ohio,12,Troy Balderson,Republican
2020,Ohio,13,Tim Ryan,Democratic
2020,Ohio,14,David Joyce,Republican
2020,Ohio,15,Steve Stivers,Republican
2020,Ohio,16,Anthony Gonzalez,Republican
2020,Oklahoma,1,Kevin Hern,Republican
2020,Oklahoma,2,Markwayne Mullin,Republican
2020,Oklahoma,3,Frank Lucas,Republican
2020,Oklahoma,4,Tom Cole,Republican
2020,Oklahoma,5,Stephanie Bice,Republican
2020,Oregon,1,Suzanne Bonamici,Democratic
2020,Oregon,2,Cliff Bentz,Republican
2020,Oregon,3,Earl Blumenauer,Democratic
2020,Oregon,4,Peter DeFazio,Democratic
2020,Oregon,5,Kurt Schrader,Democratic
2020,Pennsylvania,1,Brian Fitzpatrick,Republican
2020,Pennsylvania,2,Brendan Boyle,Democratic
2020,Pennsylvania,3,Dwight Evans,Democratic
2020,Pennsylvania,4,Madeleine Dean,Democratic
2020,Pennsylvania,5,Mary Gay Scanlon,Democratic
2020,Pennsylvania,6,Chrissy Houlahan,Democratic
2020,Pennsylvania,7,Susan Wild,Democratic
2020,Pennsylvania,8,Matt Cartwright,Democratic
2020,Pennsylvania,9,Dan Meuser,Republican
2020,Pennsylvania,10,Scott Perry,Republican
2020,Pennsylvania,11,Lloyd Smucker,Republican
2020,Pennsylvania,12,Fred Keller,Republican
2020,Pennsylvania,13,John Joyce,Republican
2020,Pennsylvania,14,Guy Reschenthaler,Republican
2020,Pennsylvania,15,Glenn Thompson,Republican
2020,Pennsylvania,16,Mike Kelly,Republican
2020,Pennsylvania,17,Conor Lamb,Democratic
2020,Pennsylvania,18,Michael F. Doyle,Democratic
2020,Rhode Island,1,David Cicilline,Democratic
2020,Rhode Island,2,Jim Langevin,Democratic
2020,South Carolina,1,Nancy Mace,Republican
2020,South Carolina,2,Joe Wilson,Republican
2020,South Carolina,3,Jeff Duncan,Republican
2020,South Carolina,4,William Timmons,Republican
2020,South Carolina,5,Ralph Norman,Republican
2020,South Carolina,6,Jim Clyburn,Democratic
2020,South Carolina,7,Tom Rice,Republican
2020,South Dakota,1,Dusty Johnson,Republican
2020,Tennessee,1,Diana Harshbarger,Republican
2020,Tennessee,2,Tim Burchett,Republican
2020,Tennessee,3,Chuck Fleischmann,Republican
2020,Tennessee,4,Scott DesJarlais,Republican
2020,Tennessee,5,Jim Cooper,Democratic
2020,Tennessee,6,John W. Rose,Republican
2020,Tennessee,7,Mark E. Green,Republican
2020,Tennessee,8,David Kustoff,Republican
2020,Tennessee,9,Steve Cohen,Democratic
2020,Texas,1,Louie Gohmert,Republican
2020,Texas,2,Dan Crenshaw,Republican
2020,Texas,3,Van Taylor,Republican
2020,Texas,4,Pat Fallon,Republican
2020,Texas,5,Lance Gooden,Republican
2020,Texas,6,Ron Wright,Republican
2020,Texas,7,Lizzie Fletcher,Democratic
2020,Texas,8,Kevin Brady,Republican
2020,Texas,9,Al Green,Democratic
2020,Texas,10,Michael McCaul,Republican
2020,Texas,11,August Pfluger,Republican
2020,Texas,12,Kay Granger,Republican
2020,Texas,13,Ronny Jackson,Republican
2020,Texas,14,Randy Weber,Republican
2020,Texas,15,Vicente Gonzalez,Democratic
2020,Texas,16,Veronica Escobar,Democratic
2020,Texas,17,Pete Sessions,Republican
2020,Texas,18,Sheila Jackson Lee,Democratic
2020,Texas,19,Jodey Arrington,Republican
2020,Texas,20,Joaquin Castro,Democratic
2020,Texas,21,Chip Roy,Republican
2020,Texas,22,Troy Nehls,Republican
2020,Texas,23,Tony Gonzales,Republican
2020,Texas,24,Beth Van Duyne,Republican
2020,Texas,25,Roger Williams,Republican
2020,Texas,26,Michael C. Burgess,Republican
2020,Texas,27,Michael Cloud,Republican
2020,Texas,28,Henry Cuellar,Democratic
2020,Texas,29,Sylvia Garcia,Democratic
2020,Texas,30,Eddie Bernice Johnson,Democratic
2020,Texas,31,John Carter,Republican
2020,Texas,32,Colin Allred,Democratic
2020,Texas,33,Marc Veasey,Democratic
2020,Texas,34,Filemon Vela Jr.,Democratic
2020,Texas,35,Lloyd Doggett,Democratic
2020,Texas,36,Brian Babin,Republican
2020,Utah,1,Blake Moore,Republican
2020,Utah,2,Chris Stewart,Republican
2020,Utah,3,John Curtis,Republican
2020,Utah,4,Burgess Owens,Republican
2020,Vermont,1,Peter Welch,Democratic
2020,Virginia,1,Rob Wittman,Republican
2020,Virginia,2,Elaine Luria,Democratic
2020,Virginia,3,Bobby Scott,Democratic
2020,Virginia,4,Donald McEachin,Democratic
2020,Virginia,5,Bob Good,Republican
2020,Virginia,6,Ben Cline,Republican
2020,Virginia,7,Abigail Spanberger,Democratic
2020,Virginia,8,Don Beyer,Democratic
2020,Virginia,9,Morgan Griffith,Republican
2020,Virginia,10,Jennifer Wexton,Democratic
2020,Virginia,11,Gerry Connolly,Democratic
2020,Washington,1,Susan DelBene,Democratic
2020,Washington,2,Rick Larsen,Democratic
2020,Washington,3,Jaime Herrera Beutler,Republican
2020,Washington,4,Dan Newhouse,Republican
2020,Washington,5,Cathy McMorris Rodgers,Republican
2020,Washington,6,Derek Kilmer,Democratic
2020,Washington,7,Pramila Jayapal,Democratic
2020,Washington,8,Kim Schrier,Democratic
2020,Washington,9,Adam Smith,Democratic
2020,Washington,10,Marilyn Strickland,Democratic
2020,West Virginia,1,David McKinley,Republican
2020,West Virginia,2,Alex Mooney,Republican
2020,West Virginia,3,Carol Miller,Republican
2020,Wisconsin,1,Bryan Steil,Republican
2020,Wisconsin,2,Mark Pocan,Democratic
2020,Wisconsin,3,Ron Kind,Democratic
2020,Wisconsin,4,Gwen Moore,Democratic
2020,Wisconsin,5,Scott L. Fitzgerald,Republican
2020,Wisconsin,6,Glenn Grothman,Republican
2020,Wisconsin,7,Tom Tiffany,Republican
2020,Wisconsin,8,Mike Gallagher,Republican
2020,Wyoming,1,Liz Cheney,Republican